Ten nha cung cap,SDT,Email,Dia chi
Nha cung cap 1,0900025051,ncc1@steel.com,63 Le Loi, Ha Noi
Nha cung cap 2,0900024441,ncc2@steel.com,119 Le Loi, Ha Noi
Nha cung cap 3,0900024071,ncc3@steel.com,2 Le Loi, Ha Noi
Nha cung cap 4,0900026556,ncc4@steel.com,150 Le Loi, Ha Noi
Nha cung cap 5,0900028149,ncc5@steel.com,151 Le Loi, Ha Noi
Nha cung cap 6,0900016063,ncc6@steel.com,150 Le Loi, Ha Noi
Nha cung cap 7,0900029903,ncc7@steel.com,117 Le Loi, Ha Noi
Nha cung cap 8,0900016348,ncc8@steel.com,8 Le Loi, Ha Noi
Nha cung cap 9,0900011883,ncc9@steel.com,144 Le Loi, Ha Noi
Nha cung cap 10,0900011120,ncc10@steel.com,56 Le Loi, Ha Noi
Nha cung cap 11,0900004524,ncc11@steel.com,130 Le Loi, Ha Noi
Nha cung cap 12,0900008360,ncc12@steel.com,58 Le Loi, Ha Noi
Nha cung cap 13,0900018198,ncc13@steel.com,68 Le Loi, Ha Noi
Nha cung cap 14,0900017553,ncc14@steel.com,113 Le Loi, Ha Noi
Nha cung cap 15,0900000260,ncc15@steel.com,67 Le Loi, Ha Noi
Nha cung cap 16,0900020248,ncc16@steel.com,33 Le Loi, Ha Noi
Nha cung cap 17,0900009982,ncc17@steel.com,90 Le Loi, Ha Noi
Nha cung cap 18,0900001378,ncc18@steel.com,1 Le Loi, Ha Noi
Nha cung cap 19,0900023569,ncc19@steel.com,86 Le Loi, Ha Noi
Nha cung cap 20,0900022480,ncc20@steel.com,35 Le Loi, Ha Noi
Nha cung cap 21,0900000938,ncc21@steel.com,16 Le Loi, Ha Noi
Nha cung cap 22,0900007832,ncc22@steel.com,79 Le Loi, Ha Noi
Nha cung cap 23,0900017087,ncc23@steel.com,8 Le Loi, Ha Noi
Nha cung cap 24,0900027266,ncc24@steel.com,176 Le Loi, Ha Noi
Nha cung cap 25,0900026280,ncc25@steel.com,47 Le Loi, Ha Noi
Nha cung cap 26,0900011922,ncc26@steel.com,55 Le Loi, Ha Noi
Nha cung cap 27,0900026091,ncc27@steel.com,1 Le Loi, Ha Noi
Nha cung cap 28,0900023606,ncc28@steel.com,50 Le Loi, Ha Noi
Nha cung cap 29,0900021101,ncc29@steel.com,16 Le Loi, Ha Noi
Nha cung cap 30,0900009251,ncc30@steel.com,184 Le Loi, Ha Noi
Nha cung cap 31,0900013966,ncc31@steel.com,124 Le Loi, Ha Noi
Nha cung cap 32,0900014146,ncc32@steel.com,133 Le Loi, Ha Noi
Nha cung cap 33,0900032444,ncc33@steel.com,54 Le Loi, Ha Noi
Nha cung cap 34,0900010367,ncc34@steel.com,71 Le Loi, Ha Noi
Nha cung cap 35,0900001196,ncc35@steel.com,175 Le Loi, Ha Noi
Nha cung cap 36,0900017235,ncc36@steel.com,45 Le Loi, Ha Noi
Nha cung cap 37,0900018244,ncc37@steel.com,134 Le Loi, Ha Noi
Nha cung cap 38,0900006858,ncc38@steel.com,77 Le Loi, Ha Noi
Nha cung cap 39,0900025632,ncc39@steel.com,116 Le Loi, Ha Noi
Nha cung cap 40,0900018001,ncc40@steel.com,46 Le Loi, Ha Noi
Nha cung cap 41,0900032273,ncc41@steel.com,112 Le Loi, Ha Noi
Nha cung cap 42,0900009681,ncc42@steel.com,200 Le Loi, Ha Noi
Nha cung cap 43,0900003816,ncc43@steel.com,1 Le Loi, Ha Noi
Nha cung cap 44,0900015687,ncc44@steel.com,195 Le Loi, Ha Noi
Nha cung cap 45,0900011902,ncc45@steel.com,178 Le Loi, Ha Noi
Nha cung cap 46,0900010557,ncc46@steel.com,121 Le Loi, Ha Noi
Nha cung cap 47,0900027383,ncc47@steel.com,26 Le Loi, Ha Noi
Nha cung cap 48,0900009831,ncc48@steel.com,89 Le Loi, Ha Noi
Nha cung cap 49,0900001763,ncc49@steel.com,75 Le Loi, Ha Noi
Nha cung cap 50,0900007793,ncc50@steel.com,81 Le Loi, Ha Noi
Nha cung cap 51,0900011520,ncc51@steel.com,6 Le Loi, Ha Noi
Nha cung cap 52,0900024870,ncc52@steel.com,83 Le Loi, Ha Noi
Nha cung cap 53,0900024288,ncc53@steel.com,13 Le Loi, Ha Noi
Nha cung cap 54,0900010813,ncc54@steel.com,37 Le Loi, Ha Noi
Nha cung cap 55,0900001402,ncc55@steel.com,83 Le Loi, Ha Noi
Nha cung cap 56,0900001146,ncc56@steel.com,125 Le Loi, Ha Noi
Nha cung cap 57,0900016526,ncc57@steel.com,53 Le Loi, Ha Noi
Nha cung cap 58,0900015306,ncc58@steel.com,160 Le Loi, Ha Noi
Nha cung cap 59,0900002059,ncc59@steel.com,115 Le Loi, Ha Noi
Nha cung cap 60,0900020940,ncc60@steel.com,19 Le Loi, Ha Noi
Nha cung cap 61,0900023068,ncc61@steel.com,37 Le Loi, Ha Noi
Nha cung cap 62,0900025817,ncc62@steel.com,25 Le Loi, Ha Noi
Nha cung cap 63,0900017353,ncc63@steel.com,28 Le Loi, Ha Noi
Nha cung cap 64,0900026758,ncc64@steel.com,151 Le Loi, Ha Noi
Nha cung cap 65,0900009446,ncc65@steel.com,73 Le Loi, Ha Noi
Nha cung cap 66,0900032559,ncc66@steel.com,157 Le Loi, Ha Noi
Nha cung cap 67,0900031454,ncc67@steel.com,89 Le Loi, Ha Noi
Nha cung cap 68,0900000474,ncc68@steel.com,192 Le Loi, Ha Noi
Nha cung cap 69,0900027316,ncc69@steel.com,72 Le Loi, Ha Noi
Nha cung cap 70,0900004550,ncc70@steel.com,50 Le Loi, Ha Noi
Nha cung cap 71,0900021322,ncc71@steel.com,109 Le Loi, Ha Noi
Nha cung cap 72,0900001985,ncc72@steel.com,62 Le Loi, Ha Noi
Nha cung cap 73,0900006358,ncc73@steel.com,69 Le Loi, Ha Noi
Nha cung cap 74,0900006224,ncc74@steel.com,57 Le Loi, Ha Noi
Nha cung cap 75,0900028651,ncc75@steel.com,76 Le Loi, Ha Noi
Nha cung cap 76,0900027223,ncc76@steel.com,128 Le Loi, Ha Noi
Nha cung cap 77,0900028128,ncc77@steel.com,157 Le Loi, Ha Noi
Nha cung cap 78,0900013558,ncc78@steel.com,12 Le Loi, Ha Noi
Nha cung cap 79,0900017562,ncc79@steel.com,137 Le Loi, Ha Noi
Nha cung cap 80,0900019814,ncc80@steel.com,143 Le Loi, Ha Noi
Nha cung cap 81,0900009614,ncc81@steel.com,107 Le Loi, Ha Noi
Nha cung cap 82,0900008985,ncc82@steel.com,74 Le Loi, Ha Noi
Nha cung cap 83,0900019610,ncc83@steel.com,5 Le Loi, Ha Noi
Nha cung cap 84,0900029639,ncc84@steel.com,30 Le Loi, Ha Noi
Nha cung cap 85,0900002923,ncc85@steel.com,178 Le Loi, Ha Noi
Nha cung cap 86,0900019559,ncc86@steel.com,106 Le Loi, Ha Noi
Nha cung cap 87,0900031278,ncc87@steel.com,81 Le Loi, Ha Noi
Nha cung cap 88,0900012545,ncc88@steel.com,151 Le Loi, Ha Noi
Nha cung cap 89,0900004473,ncc89@steel.com,117 Le Loi, Ha Noi
Nha cung cap 90,0900032306,ncc90@steel.com,161 Le Loi, Ha Noi
Nha cung cap 91,0900012031,ncc91@steel.com,63 Le Loi, Ha Noi
Nha cung cap 92,0900031471,ncc92@steel.com,74 Le Loi, Ha Noi
Nha cung cap 93,0900027590,ncc93@steel.com,104 Le Loi, Ha Noi
Nha cung cap 94,0900000263,ncc94@steel.com,68 Le Loi, Ha Noi
Nha cung cap 95,0900001107,ncc95@steel.com,15 Le Loi, Ha Noi
Nha cung cap 96,0900030432,ncc96@steel.com,106 Le Loi, Ha Noi
Nha cung cap 97,0900007339,ncc97@steel.com,191 Le Loi, Ha Noi
Nha cung cap 98,0900008996,ncc98@steel.com,171 Le Loi, Ha Noi
Nha cung cap 99,0900024928,ncc99@steel.com,30 Le Loi, Ha Noi
Nha cung cap 100,0900024150,ncc100@steel.com,186 Le Loi, Ha Noi
Nha cung cap 101,0900019783,ncc101@steel.com,128 Le Loi, Ha Noi
Nha cung cap 102,0900020108,ncc102@steel.com,39 Le Loi, Ha Noi
Nha cung cap 103,0900013765,ncc103@steel.com,126 Le Loi, Ha Noi
Nha cung cap 104,0900023188,ncc104@steel.com,160 Le Loi, Ha Noi
Nha cung cap 105,0900000233,ncc105@steel.com,185 Le Loi, Ha Noi
Nha cung cap 106,0900022421,ncc106@steel.com,154 Le Loi, Ha Noi
Nha cung cap 107,0900020939,ncc107@steel.com,165 Le Loi, Ha Noi
Nha cung cap 108,0900026032,ncc108@steel.com,60 Le Loi, Ha Noi
Nha cung cap 109,0900020124,ncc109@steel.com,190 Le Loi, Ha Noi
Nha cung cap 110,0900001677,ncc110@steel.com,121 Le Loi, Ha Noi
Nha cung cap 111,0900004904,ncc111@steel.com,150 Le Loi, Ha Noi
Nha cung cap 112,0900000043,ncc112@steel.com,192 Le Loi, Ha Noi
Nha cung cap 113,0900025852,ncc113@steel.com,52 Le Loi, Ha Noi
Nha cung cap 114,0900025204,ncc114@steel.com,12 Le Loi, Ha Noi
Nha cung cap 115,0900024515,ncc115@steel.com,108 Le Loi, Ha Noi
Nha cung cap 116,0900006005,ncc116@steel.com,110 Le Loi, Ha Noi
Nha cung cap 117,0900015181,ncc117@steel.com,169 Le Loi, Ha Noi
Nha cung cap 118,0900027381,ncc118@steel.com,28 Le Loi, Ha Noi
Nha cung cap 119,0900016862,ncc119@steel.com,122 Le Loi, Ha Noi
Nha cung cap 120,0900000950,ncc120@steel.com,159 Le Loi, Ha Noi
Nha cung cap 121,0900018829,ncc121@steel.com,16 Le Loi, Ha Noi
Nha cung cap 122,0900006980,ncc122@steel.com,101 Le Loi, Ha Noi
Nha cung cap 123,0900015992,ncc123@steel.com,47 Le Loi, Ha Noi
Nha cung cap 124,0900032443,ncc124@steel.com,116 Le Loi, Ha Noi
Nha cung cap 125,0900015982,ncc125@steel.com,147 Le Loi, Ha Noi
Nha cung cap 126,0900032037,ncc126@steel.com,132 Le Loi, Ha Noi
Nha cung cap 127,0900004178,ncc127@steel.com,47 Le Loi, Ha Noi
Nha cung cap 128,0900030437,ncc128@steel.com,177 Le Loi, Ha Noi
Nha cung cap 129,0900030359,ncc129@steel.com,28 Le Loi, Ha Noi
Nha cung cap 130,0900024656,ncc130@steel.com,189 Le Loi, Ha Noi
Nha cung cap 131,0900009340,ncc131@steel.com,107 Le Loi, Ha Noi
Nha cung cap 132,0900021792,ncc132@steel.com,42 Le Loi, Ha Noi
Nha cung cap 133,0900011219,ncc133@steel.com,195 Le Loi, Ha Noi
Nha cung cap 134,0900002160,ncc134@steel.com,31 Le Loi, Ha Noi
Nha cung cap 135,0900031556,ncc135@steel.com,113 Le Loi, Ha Noi
Nha cung cap 136,0900009181,ncc136@steel.com,159 Le Loi, Ha Noi
Nha cung cap 137,0900028736,ncc137@steel.com,61 Le Loi, Ha Noi
Nha cung cap 138,0900010141,ncc138@steel.com,25 Le Loi, Ha Noi
Nha cung cap 139,0900029822,ncc139@steel.com,112 Le Loi, Ha Noi
Nha cung cap 140,0900021719,ncc140@steel.com,138 Le Loi, Ha Noi
Nha cung cap 141,0900031794,ncc141@steel.com,58 Le Loi, Ha Noi
Nha cung cap 142,0900023775,ncc142@steel.com,32 Le Loi, Ha Noi
Nha cung cap 143,0900022663,ncc143@steel.com,1 Le Loi, Ha Noi
Nha cung cap 144,0900031270,ncc144@steel.com,70 Le Loi, Ha Noi
Nha cung cap 145,0900006835,ncc145@steel.com,38 Le Loi, Ha Noi
Nha cung cap 146,0900020995,ncc146@steel.com,41 Le Loi, Ha Noi
Nha cung cap 147,0900030802,ncc147@steel.com,87 Le Loi, Ha Noi
Nha cung cap 148,0900027511,ncc148@steel.com,167 Le Loi, Ha Noi
Nha cung cap 149,0900028481,ncc149@steel.com,106 Le Loi, Ha Noi
Nha cung cap 150,0900030737,ncc150@steel.com,17 Le Loi, Ha Noi
Nha cung cap 151,0900020567,ncc151@steel.com,132 Le Loi, Ha Noi
Nha cung cap 152,0900029965,ncc152@steel.com,15 Le Loi, Ha Noi
Nha cung cap 153,0900009098,ncc153@steel.com,54 Le Loi, Ha Noi
Nha cung cap 154,0900013498,ncc154@steel.com,180 Le Loi, Ha Noi
Nha cung cap 155,0900013775,ncc155@steel.com,178 Le Loi, Ha Noi
Nha cung cap 156,0900018155,ncc156@steel.com,9 Le Loi, Ha Noi
Nha cung cap 157,0900006293,ncc157@steel.com,193 Le Loi, Ha Noi
Nha cung cap 158,0900001069,ncc158@steel.com,95 Le Loi, Ha Noi
Nha cung cap 159,0900023467,ncc159@steel.com,127 Le Loi, Ha Noi
Nha cung cap 160,0900019701,ncc160@steel.com,176 Le Loi, Ha Noi
Nha cung cap 161,0900007560,ncc161@steel.com,147 Le Loi, Ha Noi
Nha cung cap 162,0900007072,ncc162@steel.com,58 Le Loi, Ha Noi
Nha cung cap 163,0900000570,ncc163@steel.com,195 Le Loi, Ha Noi
Nha cung cap 164,0900010254,ncc164@steel.com,37 Le Loi, Ha Noi
Nha cung cap 165,0900008113,ncc165@steel.com,198 Le Loi, Ha Noi
Nha cung cap 166,0900022501,ncc166@steel.com,102 Le Loi, Ha Noi
Nha cung cap 167,0900001724,ncc167@steel.com,193 Le Loi, Ha Noi
Nha cung cap 168,0900006691,ncc168@steel.com,185 Le Loi, Ha Noi
Nha cung cap 169,0900002008,ncc169@steel.com,177 Le Loi, Ha Noi
Nha cung cap 170,0900027232,ncc170@steel.com,125 Le Loi, Ha Noi
Nha cung cap 171,0900024372,ncc171@steel.com,75 Le Loi, Ha Noi
Nha cung cap 172,0900013557,ncc172@steel.com,23 Le Loi, Ha Noi
Nha cung cap 173,0900027488,ncc173@steel.com,196 Le Loi, Ha Noi
Nha cung cap 174,0900022031,ncc174@steel.com,156 Le Loi, Ha Noi
Nha cung cap 175,0900006043,ncc175@steel.com,120 Le Loi, Ha Noi
Nha cung cap 176,0900020560,ncc176@steel.com,113 Le Loi, Ha Noi
Nha cung cap 177,0900011498,ncc177@steel.com,45 Le Loi, Ha Noi
Nha cung cap 178,0900018644,ncc178@steel.com,32 Le Loi, Ha Noi
Nha cung cap 179,0900006165,ncc179@steel.com,106 Le Loi, Ha Noi
Nha cung cap 180,0900025298,ncc180@steel.com,159 Le Loi, Ha Noi
Nha cung cap 181,0900000134,ncc181@steel.com,15 Le Loi, Ha Noi
Nha cung cap 182,0900032137,ncc182@steel.com,129 Le Loi, Ha Noi
Nha cung cap 183,0900013050,ncc183@steel.com,65 Le Loi, Ha Noi
Nha cung cap 184,0900006407,ncc184@steel.com,10 Le Loi, Ha Noi
Nha cung cap 185,0900028678,ncc185@steel.com,102 Le Loi, Ha Noi
Nha cung cap 186,0900027308,ncc186@steel.com,26 Le Loi, Ha Noi
Nha cung cap 187,0900008762,ncc187@steel.com,32 Le Loi, Ha Noi
Nha cung cap 188,0900023528,ncc188@steel.com,38 Le Loi, Ha Noi
Nha cung cap 189,0900011624,ncc189@steel.com,48 Le Loi, Ha Noi
Nha cung cap 190,0900020644,ncc190@steel.com,7 Le Loi, Ha Noi
Nha cung cap 191,0900027154,ncc191@steel.com,145 Le Loi, Ha Noi
Nha cung cap 192,0900031265,ncc192@steel.com,182 Le Loi, Ha Noi
Nha cung cap 193,0900027081,ncc193@steel.com,84 Le Loi, Ha Noi
Nha cung cap 194,0900005177,ncc194@steel.com,166 Le Loi, Ha Noi
Nha cung cap 195,0900000194,ncc195@steel.com,100 Le Loi, Ha Noi
Nha cung cap 196,0900012766,ncc196@steel.com,152 Le Loi, Ha Noi
Nha cung cap 197,0900027351,ncc197@steel.com,50 Le Loi, Ha Noi
Nha cung cap 198,0900028235,ncc198@steel.com,129 Le Loi, Ha Noi
Nha cung cap 199,0900030399,ncc199@steel.com,180 Le Loi, Ha Noi
Nha cung cap 200,0900007245,ncc200@steel.com,48 Le Loi, Ha Noi
Nha cung cap 201,0900000423,ncc201@steel.com,168 Le Loi, Ha Noi
Nha cung cap 202,0900028587,ncc202@steel.com,37 Le Loi, Ha Noi
Nha cung cap 203,0900029248,ncc203@steel.com,39 Le Loi, Ha Noi
Nha cung cap 204,0900015756,ncc204@steel.com,87 Le Loi, Ha Noi
Nha cung cap 205,0900018828,ncc205@steel.com,180 Le Loi, Ha Noi
Nha cung cap 206,0900027221,ncc206@steel.com,43 Le Loi, Ha Noi
Nha cung cap 207,0900023114,ncc207@steel.com,114 Le Loi, Ha Noi
Nha cung cap 208,0900021309,ncc208@steel.com,65 Le Loi, Ha Noi
Nha cung cap 209,0900018802,ncc209@steel.com,199 Le Loi, Ha Noi
Nha cung cap 210,0900015311,ncc210@steel.com,87 Le Loi, Ha Noi
Nha cung cap 211,0900031393,ncc211@steel.com,41 Le Loi, Ha Noi
Nha cung cap 212,0900017423,ncc212@steel.com,183 Le Loi, Ha Noi
Nha cung cap 213,0900007427,ncc213@steel.com,14 Le Loi, Ha Noi
Nha cung cap 214,0900017638,ncc214@steel.com,8 Le Loi, Ha Noi
Nha cung cap 215,0900028144,ncc215@steel.com,106 Le Loi, Ha Noi
Nha cung cap 216,0900007842,ncc216@steel.com,159 Le Loi, Ha Noi
Nha cung cap 217,0900005020,ncc217@steel.com,57 Le Loi, Ha Noi
Nha cung cap 218,0900020303,ncc218@steel.com,172 Le Loi, Ha Noi
Nha cung cap 219,0900012166,ncc219@steel.com,157 Le Loi, Ha Noi
Nha cung cap 220,0900010194,ncc220@steel.com,188 Le Loi, Ha Noi
Nha cung cap 221,0900014042,ncc221@steel.com,183 Le Loi, Ha Noi
Nha cung cap 222,0900015648,ncc222@steel.com,73 Le Loi, Ha Noi
Nha cung cap 223,0900018717,ncc223@steel.com,57 Le Loi, Ha Noi
Nha cung cap 224,0900031077,ncc224@steel.com,104 Le Loi, Ha Noi
Nha cung cap 225,0900000423,ncc225@steel.com,145 Le Loi, Ha Noi
Nha cung cap 226,0900015435,ncc226@steel.com,137 Le Loi, Ha Noi
Nha cung cap 227,0900019414,ncc227@steel.com,71 Le Loi, Ha Noi
Nha cung cap 228,0900008933,ncc228@steel.com,187 Le Loi, Ha Noi
Nha cung cap 229,0900017010,ncc229@steel.com,42 Le Loi, Ha Noi
Nha cung cap 230,0900021864,ncc230@steel.com,178 Le Loi, Ha Noi
Nha cung cap 231,0900031995,ncc231@steel.com,99 Le Loi, Ha Noi
Nha cung cap 232,0900021485,ncc232@steel.com,166 Le Loi, Ha Noi
Nha cung cap 233,0900022699,ncc233@steel.com,166 Le Loi, Ha Noi
Nha cung cap 234,0900014105,ncc234@steel.com,151 Le Loi, Ha Noi
Nha cung cap 235,0900011263,ncc235@steel.com,106 Le Loi, Ha Noi
Nha cung cap 236,0900031545,ncc236@steel.com,154 Le Loi, Ha Noi
Nha cung cap 237,0900014569,ncc237@steel.com,190 Le Loi, Ha Noi
Nha cung cap 238,0900029069,ncc238@steel.com,34 Le Loi, Ha Noi
Nha cung cap 239,0900027285,ncc239@steel.com,83 Le Loi, Ha Noi
Nha cung cap 240,0900021745,ncc240@steel.com,58 Le Loi, Ha Noi
Nha cung cap 241,0900030542,ncc241@steel.com,186 Le Loi, Ha Noi
Nha cung cap 242,0900025147,ncc242@steel.com,185 Le Loi, Ha Noi
Nha cung cap 243,0900018964,ncc243@steel.com,158 Le Loi, Ha Noi
Nha cung cap 244,0900023477,ncc244@steel.com,46 Le Loi, Ha Noi
Nha cung cap 245,0900027845,ncc245@steel.com,155 Le Loi, Ha Noi
Nha cung cap 246,0900012014,ncc246@steel.com,119 Le Loi, Ha Noi
Nha cung cap 247,0900019778,ncc247@steel.com,91 Le Loi, Ha Noi
Nha cung cap 248,0900013540,ncc248@steel.com,38 Le Loi, Ha Noi
Nha cung cap 249,0900029917,ncc249@steel.com,142 Le Loi, Ha Noi
Nha cung cap 250,0900009169,ncc250@steel.com,46 Le Loi, Ha Noi
Nha cung cap 251,0900018509,ncc251@steel.com,109 Le Loi, Ha Noi
Nha cung cap 252,0900023874,ncc252@steel.com,60 Le Loi, Ha Noi
Nha cung cap 253,0900026120,ncc253@steel.com,35 Le Loi, Ha Noi
Nha cung cap 254,0900023080,ncc254@steel.com,161 Le Loi, Ha Noi
Nha cung cap 255,0900003537,ncc255@steel.com,185 Le Loi, Ha Noi
Nha cung cap 256,0900001179,ncc256@steel.com,42 Le Loi, Ha Noi
Nha cung cap 257,0900012765,ncc257@steel.com,113 Le Loi, Ha Noi
Nha cung cap 258,0900014014,ncc258@steel.com,66 Le Loi, Ha Noi
Nha cung cap 259,0900029025,ncc259@steel.com,72 Le Loi, Ha Noi
Nha cung cap 260,0900007628,ncc260@steel.com,75 Le Loi, Ha Noi
Nha cung cap 261,0900032251,ncc261@steel.com,193 Le Loi, Ha Noi
Nha cung cap 262,0900007442,ncc262@steel.com,11 Le Loi, Ha Noi
Nha cung cap 263,0900006457,ncc263@steel.com,106 Le Loi, Ha Noi
Nha cung cap 264,0900010223,ncc264@steel.com,140 Le Loi, Ha Noi
Nha cung cap 265,0900003207,ncc265@steel.com,93 Le Loi, Ha Noi
Nha cung cap 266,0900026175,ncc266@steel.com,54 Le Loi, Ha Noi
Nha cung cap 267,0900014966,ncc267@steel.com,56 Le Loi, Ha Noi
Nha cung cap 268,0900014541,ncc268@steel.com,81 Le Loi, Ha Noi
Nha cung cap 269,0900028139,ncc269@steel.com,86 Le Loi, Ha Noi
Nha cung cap 270,0900016333,ncc270@steel.com,125 Le Loi, Ha Noi
Nha cung cap 271,0900000804,ncc271@steel.com,165 Le Loi, Ha Noi
Nha cung cap 272,0900027144,ncc272@steel.com,186 Le Loi, Ha Noi
Nha cung cap 273,0900015188,ncc273@steel.com,60 Le Loi, Ha Noi
Nha cung cap 274,0900029055,ncc274@steel.com,173 Le Loi, Ha Noi
Nha cung cap 275,0900024016,ncc275@steel.com,176 Le Loi, Ha Noi
Nha cung cap 276,0900026911,ncc276@steel.com,173 Le Loi, Ha Noi
Nha cung cap 277,0900016166,ncc277@steel.com,148 Le Loi, Ha Noi
Nha cung cap 278,0900029282,ncc278@steel.com,188 Le Loi, Ha Noi
Nha cung cap 279,0900010161,ncc279@steel.com,183 Le Loi, Ha Noi
Nha cung cap 280,0900015909,ncc280@steel.com,154 Le Loi, Ha Noi
Nha cung cap 281,0900028077,ncc281@steel.com,80 Le Loi, Ha Noi
Nha cung cap 282,0900029359,ncc282@steel.com,53 Le Loi, Ha Noi
Nha cung cap 283,0900016688,ncc283@steel.com,163 Le Loi, Ha Noi
Nha cung cap 284,0900017269,ncc284@steel.com,45 Le Loi, Ha Noi
Nha cung cap 285,0900024059,ncc285@steel.com,191 Le Loi, Ha Noi
Nha cung cap 286,0900029791,ncc286@steel.com,19 Le Loi, Ha Noi
Nha cung cap 287,0900031608,ncc287@steel.com,134 Le Loi, Ha Noi
Nha cung cap 288,0900031734,ncc288@steel.com,87 Le Loi, Ha Noi
Nha cung cap 289,0900026988,ncc289@steel.com,155 Le Loi, Ha Noi
Nha cung cap 290,0900005844,ncc290@steel.com,39 Le Loi, Ha Noi
Nha cung cap 291,0900028086,ncc291@steel.com,60 Le Loi, Ha Noi
Nha cung cap 292,0900022152,ncc292@steel.com,50 Le Loi, Ha Noi
Nha cung cap 293,0900025804,ncc293@steel.com,26 Le Loi, Ha Noi
Nha cung cap 294,0900022425,ncc294@steel.com,7 Le Loi, Ha Noi
Nha cung cap 295,0900019812,ncc295@steel.com,129 Le Loi, Ha Noi
Nha cung cap 296,0900007593,ncc296@steel.com,160 Le Loi, Ha Noi
Nha cung cap 297,0900012904,ncc297@steel.com,185 Le Loi, Ha Noi
Nha cung cap 298,0900014604,ncc298@steel.com,147 Le Loi, Ha Noi
Nha cung cap 299,0900025660,ncc299@steel.com,70 Le Loi, Ha Noi
Nha cung cap 300,0900016225,ncc300@steel.com,170 Le Loi, Ha Noi
Nha cung cap 301,0900011183,ncc301@steel.com,38 Le Loi, Ha Noi
Nha cung cap 302,0900016467,ncc302@steel.com,41 Le Loi, Ha Noi
Nha cung cap 303,0900014479,ncc303@steel.com,84 Le Loi, Ha Noi
Nha cung cap 304,0900017604,ncc304@steel.com,4 Le Loi, Ha Noi
Nha cung cap 305,0900006477,ncc305@steel.com,104 Le Loi, Ha Noi
Nha cung cap 306,0900011263,ncc306@steel.com,63 Le Loi, Ha Noi
Nha cung cap 307,0900032633,ncc307@steel.com,157 Le Loi, Ha Noi
Nha cung cap 308,0900023047,ncc308@steel.com,163 Le Loi, Ha Noi
Nha cung cap 309,0900004033,ncc309@steel.com,7 Le Loi, Ha Noi
Nha cung cap 310,0900020608,ncc310@steel.com,18 Le Loi, Ha Noi
Nha cung cap 311,0900019921,ncc311@steel.com,187 Le Loi, Ha Noi
Nha cung cap 312,0900006016,ncc312@steel.com,69 Le Loi, Ha Noi
Nha cung cap 313,0900025216,ncc313@steel.com,33 Le Loi, Ha Noi
Nha cung cap 314,0900024154,ncc314@steel.com,179 Le Loi, Ha Noi
Nha cung cap 315,0900001323,ncc315@steel.com,50 Le Loi, Ha Noi
Nha cung cap 316,0900028741,ncc316@steel.com,76 Le Loi, Ha Noi
Nha cung cap 317,0900027554,ncc317@steel.com,124 Le Loi, Ha Noi
Nha cung cap 318,0900025815,ncc318@steel.com,125 Le Loi, Ha Noi
Nha cung cap 319,0900022379,ncc319@steel.com,29 Le Loi, Ha Noi
Nha cung cap 320,0900009767,ncc320@steel.com,170 Le Loi, Ha Noi
Nha cung cap 321,0900030625,ncc321@steel.com,111 Le Loi, Ha Noi
Nha cung cap 322,0900003880,ncc322@steel.com,74 Le Loi, Ha Noi
Nha cung cap 323,0900021459,ncc323@steel.com,191 Le Loi, Ha Noi
Nha cung cap 324,0900021531,ncc324@steel.com,30 Le Loi, Ha Noi
Nha cung cap 325,0900019067,ncc325@steel.com,196 Le Loi, Ha Noi
Nha cung cap 326,0900028469,ncc326@steel.com,39 Le Loi, Ha Noi
Nha cung cap 327,0900025740,ncc327@steel.com,182 Le Loi, Ha Noi
Nha cung cap 328,0900025923,ncc328@steel.com,112 Le Loi, Ha Noi
Nha cung cap 329,0900001068,ncc329@steel.com,14 Le Loi, Ha Noi
Nha cung cap 330,0900020058,ncc330@steel.com,145 Le Loi, Ha Noi
Nha cung cap 331,0900005415,ncc331@steel.com,121 Le Loi, Ha Noi
Nha cung cap 332,0900017818,ncc332@steel.com,46 Le Loi, Ha Noi
Nha cung cap 333,0900026206,ncc333@steel.com,42 Le Loi, Ha Noi
Nha cung cap 334,0900026395,ncc334@steel.com,106 Le Loi, Ha Noi
Nha cung cap 335,0900024719,ncc335@steel.com,163 Le Loi, Ha Noi
Nha cung cap 336,0900024326,ncc336@steel.com,113 Le Loi, Ha Noi
Nha cung cap 337,0900003109,ncc337@steel.com,48 Le Loi, Ha Noi
Nha cung cap 338,0900011015,ncc338@steel.com,159 Le Loi, Ha Noi
Nha cung cap 339,0900000285,ncc339@steel.com,135 Le Loi, Ha Noi
Nha cung cap 340,0900009424,ncc340@steel.com,84 Le Loi, Ha Noi
Nha cung cap 341,0900027279,ncc341@steel.com,13 Le Loi, Ha Noi
Nha cung cap 342,0900010388,ncc342@steel.com,110 Le Loi, Ha Noi
Nha cung cap 343,0900000672,ncc343@steel.com,56 Le Loi, Ha Noi
Nha cung cap 344,0900009419,ncc344@steel.com,11 Le Loi, Ha Noi
Nha cung cap 345,0900032766,ncc345@steel.com,132 Le Loi, Ha Noi
Nha cung cap 346,0900022132,ncc346@steel.com,63 Le Loi, Ha Noi
Nha cung cap 347,0900009900,ncc347@steel.com,196 Le Loi, Ha Noi
Nha cung cap 348,0900022705,ncc348@steel.com,122 Le Loi, Ha Noi
Nha cung cap 349,0900016190,ncc349@steel.com,54 Le Loi, Ha Noi
Nha cung cap 350,0900019327,ncc350@steel.com,198 Le Loi, Ha Noi
Nha cung cap 351,0900004527,ncc351@steel.com,79 Le Loi, Ha Noi
Nha cung cap 352,0900020130,ncc352@steel.com,103 Le Loi, Ha Noi
Nha cung cap 353,0900016079,ncc353@steel.com,76 Le Loi, Ha Noi
Nha cung cap 354,0900003795,ncc354@steel.com,97 Le Loi, Ha Noi
Nha cung cap 355,0900021750,ncc355@steel.com,42 Le Loi, Ha Noi
Nha cung cap 356,0900014352,ncc356@steel.com,141 Le Loi, Ha Noi
Nha cung cap 357,0900023636,ncc357@steel.com,58 Le Loi, Ha Noi
Nha cung cap 358,0900027874,ncc358@steel.com,195 Le Loi, Ha Noi
Nha cung cap 359,0900008534,ncc359@steel.com,53 Le Loi, Ha Noi
Nha cung cap 360,0900007879,ncc360@steel.com,146 Le Loi, Ha Noi
Nha cung cap 361,0900018199,ncc361@steel.com,75 Le Loi, Ha Noi
Nha cung cap 362,0900003341,ncc362@steel.com,22 Le Loi, Ha Noi
Nha cung cap 363,0900014723,ncc363@steel.com,88 Le Loi, Ha Noi
Nha cung cap 364,0900008624,ncc364@steel.com,65 Le Loi, Ha Noi
Nha cung cap 365,0900019123,ncc365@steel.com,143 Le Loi, Ha Noi
Nha cung cap 366,0900012689,ncc366@steel.com,33 Le Loi, Ha Noi
Nha cung cap 367,0900024420,ncc367@steel.com,77 Le Loi, Ha Noi
Nha cung cap 368,0900007060,ncc368@steel.com,74 Le Loi, Ha Noi
Nha cung cap 369,0900028861,ncc369@steel.com,99 Le Loi, Ha Noi
Nha cung cap 370,0900000622,ncc370@steel.com,163 Le Loi, Ha Noi
Nha cung cap 371,0900005413,ncc371@steel.com,73 Le Loi, Ha Noi
Nha cung cap 372,0900016515,ncc372@steel.com,121 Le Loi, Ha Noi
Nha cung cap 373,0900025470,ncc373@steel.com,29 Le Loi, Ha Noi
Nha cung cap 374,0900004769,ncc374@steel.com,45 Le Loi, Ha Noi
Nha cung cap 375,0900030667,ncc375@steel.com,44 Le Loi, Ha Noi
Nha cung cap 376,0900025045,ncc376@steel.com,50 Le Loi, Ha Noi
Nha cung cap 377,0900004420,ncc377@steel.com,199 Le Loi, Ha Noi
Nha cung cap 378,0900029649,ncc378@steel.com,21 Le Loi, Ha Noi
Nha cung cap 379,0900023733,ncc379@steel.com,116 Le Loi, Ha Noi
Nha cung cap 380,0900023458,ncc380@steel.com,188 Le Loi, Ha Noi
Nha cung cap 381,0900012994,ncc381@steel.com,8 Le Loi, Ha Noi
Nha cung cap 382,0900011219,ncc382@steel.com,111 Le Loi, Ha Noi
Nha cung cap 383,0900015368,ncc383@steel.com,116 Le Loi, Ha Noi
Nha cung cap 384,0900000433,ncc384@steel.com,32 Le Loi, Ha Noi
Nha cung cap 385,0900009312,ncc385@steel.com,125 Le Loi, Ha Noi
Nha cung cap 386,0900011275,ncc386@steel.com,34 Le Loi, Ha Noi
Nha cung cap 387,0900025624,ncc387@steel.com,179 Le Loi, Ha Noi
Nha cung cap 388,0900006004,ncc388@steel.com,195 Le Loi, Ha Noi
Nha cung cap 389,0900005826,ncc389@steel.com,96 Le Loi, Ha Noi
Nha cung cap 390,0900029399,ncc390@steel.com,111 Le Loi, Ha Noi
Nha cung cap 391,0900016872,ncc391@steel.com,151 Le Loi, Ha Noi
Nha cung cap 392,0900025108,ncc392@steel.com,44 Le Loi, Ha Noi
Nha cung cap 393,0900021362,ncc393@steel.com,32 Le Loi, Ha Noi
Nha cung cap 394,0900015575,ncc394@steel.com,195 Le Loi, Ha Noi
Nha cung cap 395,0900030829,ncc395@steel.com,113 Le Loi, Ha Noi
Nha cung cap 396,0900013037,ncc396@steel.com,88 Le Loi, Ha Noi
Nha cung cap 397,0900007850,ncc397@steel.com,11 Le Loi, Ha Noi
Nha cung cap 398,0900032408,ncc398@steel.com,117 Le Loi, Ha Noi
Nha cung cap 399,0900005681,ncc399@steel.com,5 Le Loi, Ha Noi
Nha cung cap 400,0900008544,ncc400@steel.com,180 Le Loi, Ha Noi
Nha cung cap 401,0900007706,ncc401@steel.com,156 Le Loi, Ha Noi
Nha cung cap 402,0900022933,ncc402@steel.com,58 Le Loi, Ha Noi
Nha cung cap 403,0900002249,ncc403@steel.com,158 Le Loi, Ha Noi
Nha cung cap 404,0900002043,ncc404@steel.com,5 Le Loi, Ha Noi
Nha cung cap 405,0900007052,ncc405@steel.com,175 Le Loi, Ha Noi
Nha cung cap 406,0900001868,ncc406@steel.com,74 Le Loi, Ha Noi
Nha cung cap 407,0900011118,ncc407@steel.com,157 Le Loi, Ha Noi
Nha cung cap 408,0900002423,ncc408@steel.com,77 Le Loi, Ha Noi
Nha cung cap 409,0900016101,ncc409@steel.com,14 Le Loi, Ha Noi
Nha cung cap 410,0900005450,ncc410@steel.com,40 Le Loi, Ha Noi
Nha cung cap 411,0900031942,ncc411@steel.com,113 Le Loi, Ha Noi
Nha cung cap 412,0900003708,ncc412@steel.com,10 Le Loi, Ha Noi
Nha cung cap 413,0900006948,ncc413@steel.com,183 Le Loi, Ha Noi
Nha cung cap 414,0900022884,ncc414@steel.com,96 Le Loi, Ha Noi
Nha cung cap 415,0900002493,ncc415@steel.com,135 Le Loi, Ha Noi
Nha cung cap 416,0900018320,ncc416@steel.com,194 Le Loi, Ha Noi
Nha cung cap 417,0900002907,ncc417@steel.com,35 Le Loi, Ha Noi
Nha cung cap 418,0900022109,ncc418@steel.com,116 Le Loi, Ha Noi
Nha cung cap 419,0900018758,ncc419@steel.com,104 Le Loi, Ha Noi
Nha cung cap 420,0900019725,ncc420@steel.com,127 Le Loi, Ha Noi
Nha cung cap 421,0900023852,ncc421@steel.com,151 Le Loi, Ha Noi
Nha cung cap 422,0900014893,ncc422@steel.com,106 Le Loi, Ha Noi
Nha cung cap 423,0900019684,ncc423@steel.com,118 Le Loi, Ha Noi
Nha cung cap 424,0900017731,ncc424@steel.com,55 Le Loi, Ha Noi
Nha cung cap 425,0900010586,ncc425@steel.com,110 Le Loi, Ha Noi
Nha cung cap 426,0900022029,ncc426@steel.com,175 Le Loi, Ha Noi
Nha cung cap 427,0900020568,ncc427@steel.com,20 Le Loi, Ha Noi
Nha cung cap 428,0900024312,ncc428@steel.com,135 Le Loi, Ha Noi
Nha cung cap 429,0900028142,ncc429@steel.com,178 Le Loi, Ha Noi
Nha cung cap 430,0900006303,ncc430@steel.com,143 Le Loi, Ha Noi
Nha cung cap 431,0900027985,ncc431@steel.com,160 Le Loi, Ha Noi
Nha cung cap 432,0900002597,ncc432@steel.com,15 Le Loi, Ha Noi
Nha cung cap 433,0900009727,ncc433@steel.com,99 Le Loi, Ha Noi
Nha cung cap 434,0900007659,ncc434@steel.com,145 Le Loi, Ha Noi
Nha cung cap 435,0900008905,ncc435@steel.com,23 Le Loi, Ha Noi
Nha cung cap 436,0900019587,ncc436@steel.com,44 Le Loi, Ha Noi
Nha cung cap 437,0900017611,ncc437@steel.com,198 Le Loi, Ha Noi
Nha cung cap 438,0900015111,ncc438@steel.com,147 Le Loi, Ha Noi
Nha cung cap 439,0900027030,ncc439@steel.com,94 Le Loi, Ha Noi
Nha cung cap 440,0900011393,ncc440@steel.com,172 Le Loi, Ha Noi
Nha cung cap 441,0900007523,ncc441@steel.com,100 Le Loi, Ha Noi
Nha cung cap 442,0900025812,ncc442@steel.com,117 Le Loi, Ha Noi
Nha cung cap 443,0900028328,ncc443@steel.com,67 Le Loi, Ha Noi
Nha cung cap 444,0900003896,ncc444@steel.com,173 Le Loi, Ha Noi
Nha cung cap 445,0900013145,ncc445@steel.com,191 Le Loi, Ha Noi
Nha cung cap 446,0900011860,ncc446@steel.com,127 Le Loi, Ha Noi
Nha cung cap 447,0900027160,ncc447@steel.com,115 Le Loi, Ha Noi
Nha cung cap 448,0900019930,ncc448@steel.com,4 Le Loi, Ha Noi
Nha cung cap 449,0900006782,ncc449@steel.com,43 Le Loi, Ha Noi
Nha cung cap 450,0900005699,ncc450@steel.com,31 Le Loi, Ha Noi
Nha cung cap 451,0900002657,ncc451@steel.com,63 Le Loi, Ha Noi
Nha cung cap 452,0900020582,ncc452@steel.com,101 Le Loi, Ha Noi
Nha cung cap 453,0900002963,ncc453@steel.com,190 Le Loi, Ha Noi
Nha cung cap 454,0900008383,ncc454@steel.com,6 Le Loi, Ha Noi
Nha cung cap 455,0900028710,ncc455@steel.com,122 Le Loi, Ha Noi
Nha cung cap 456,0900011722,ncc456@steel.com,56 Le Loi, Ha Noi
Nha cung cap 457,0900017945,ncc457@steel.com,116 Le Loi, Ha Noi
Nha cung cap 458,0900020020,ncc458@steel.com,3 Le Loi, Ha Noi
Nha cung cap 459,0900027289,ncc459@steel.com,58 Le Loi, Ha Noi
Nha cung cap 460,0900018552,ncc460@steel.com,60 Le Loi, Ha Noi
Nha cung cap 461,0900029704,ncc461@steel.com,86 Le Loi, Ha Noi
Nha cung cap 462,0900015883,ncc462@steel.com,91 Le Loi, Ha Noi
Nha cung cap 463,0900011154,ncc463@steel.com,66 Le Loi, Ha Noi
Nha cung cap 464,0900000884,ncc464@steel.com,4 Le Loi, Ha Noi
Nha cung cap 465,0900021809,ncc465@steel.com,109 Le Loi, Ha Noi
Nha cung cap 466,0900032702,ncc466@steel.com,1 Le Loi, Ha Noi
Nha cung cap 467,0900027383,ncc467@steel.com,146 Le Loi, Ha Noi
Nha cung cap 468,0900028190,ncc468@steel.com,17 Le Loi, Ha Noi
Nha cung cap 469,0900031483,ncc469@steel.com,140 Le Loi, Ha Noi
Nha cung cap 470,0900007571,ncc470@steel.com,63 Le Loi, Ha Noi
Nha cung cap 471,0900031804,ncc471@steel.com,178 Le Loi, Ha Noi
Nha cung cap 472,0900003465,ncc472@steel.com,180 Le Loi, Ha Noi
Nha cung cap 473,0900027888,ncc473@steel.com,192 Le Loi, Ha Noi
Nha cung cap 474,0900024560,ncc474@steel.com,89 Le Loi, Ha Noi
Nha cung cap 475,0900025996,ncc475@steel.com,167 Le Loi, Ha Noi
Nha cung cap 476,0900006902,ncc476@steel.com,181 Le Loi, Ha Noi
Nha cung cap 477,0900007174,ncc477@steel.com,179 Le Loi, Ha Noi
Nha cung cap 478,0900005272,ncc478@steel.com,93 Le Loi, Ha Noi
Nha cung cap 479,0900006861,ncc479@steel.com,181 Le Loi, Ha Noi
Nha cung cap 480,0900008323,ncc480@steel.com,119 Le Loi, Ha Noi
Nha cung cap 481,0900010843,ncc481@steel.com,93 Le Loi, Ha Noi
Nha cung cap 482,0900000920,ncc482@steel.com,3 Le Loi, Ha Noi
Nha cung cap 483,0900013793,ncc483@steel.com,48 Le Loi, Ha Noi
Nha cung cap 484,0900021216,ncc484@steel.com,152 Le Loi, Ha Noi
Nha cung cap 485,0900016428,ncc485@steel.com,75 Le Loi, Ha Noi
Nha cung cap 486,0900001860,ncc486@steel.com,82 Le Loi, Ha Noi
Nha cung cap 487,0900016635,ncc487@steel.com,5 Le Loi, Ha Noi
Nha cung cap 488,0900022497,ncc488@steel.com,43 Le Loi, Ha Noi
Nha cung cap 489,0900016716,ncc489@steel.com,175 Le Loi, Ha Noi
Nha cung cap 490,0900024470,ncc490@steel.com,10 Le Loi, Ha Noi
Nha cung cap 491,0900007672,ncc491@steel.com,47 Le Loi, Ha Noi
Nha cung cap 492,0900021301,ncc492@steel.com,23 Le Loi, Ha Noi
Nha cung cap 493,0900029796,ncc493@steel.com,83 Le Loi, Ha Noi
Nha cung cap 494,0900025205,ncc494@steel.com,198 Le Loi, Ha Noi
Nha cung cap 495,0900024637,ncc495@steel.com,177 Le Loi, Ha Noi
Nha cung cap 496,0900010010,ncc496@steel.com,72 Le Loi, Ha Noi
Nha cung cap 497,0900014864,ncc497@steel.com,163 Le Loi, Ha Noi
Nha cung cap 498,0900004794,ncc498@steel.com,159 Le Loi, Ha Noi
Nha cung cap 499,0900016434,ncc499@steel.com,114 Le Loi, Ha Noi
Nha cung cap 500,0900017808,ncc500@steel.com,131 Le Loi, Ha Noi
